{"edges": [[0, 0], [0, 1], [0, 2], [0, 3], [0, 4], [0, 5], [0, 6], [0, 7], [0, 8], [0, 9], [0, 10], [0, 11], [0, 12], [0, 13], [0, 14], [1, 0], [1, 1], [1, 2], [1, 3], [1, 4], [1, 5], [1, 6], [1, 7], [1, 8], [1, 9], [1, 10], [1, 11], [1, 12], [1, 13], [1, 14], [2, 0], [2, 1], [2, 2], [2, 3], [2, 4], [2, 5], [2, 6], [2, 7], [2, 8], [2, 9], [2, 10], [2, 11], [2, 12], [2, 13], [2, 14], [3, 0], [3, 1], [3, 2], [3, 3], [3, 4], [3, 5], [3, 6], [3, 7], [3, 8], [3, 9], [3, 10], [3, 11], [3, 12], [3, 13], [3, 14], [4, 0], [4, 1], [4, 2], [4, 3], [4, 4], [4, 5], [4, 6], [4, 7], [4, 8], [4, 9], [4, 10], [4, 11], [4, 12], [4, 13], [4, 14], [5, 0], [5, 1], [5, 2], [5, 3], [5, 4], [5, 5], [5, 6], [5, 7], [5, 8], [5, 9], [5, 10], [5, 11], [5, 12], [5, 13], [5, 14], [6, 0], [6, 1], [6, 2], [6, 3], [6, 4], [6, 5], [6, 6], [6, 7], [6, 8], [6, 9], [6, 10], [6, 11], [6, 12], [6, 13], [6, 14], [7, 0], [7, 1], [7, 2], [7, 3], [7, 4], [7, 5], [7, 6], [7, 7], [7, 8], [7, 9], [7, 10], [7, 11], [7, 12], [7, 13], [7, 14], [8, 0], [8, 1], [8, 2], [8, 3], [8, 4], [8, 5], [8, 6], [8, 7], [8, 8], [8, 9], [8, 10], [8, 11], [8, 12], [8, 13], [8, 14], [9, 0], [9, 1], [9, 2], [9, 3], [9, 4], [9, 5], [9, 6], [9, 7], [9, 8], [9, 9], [9, 10], [9, 11], [9, 12], [9, 13], [9, 14], [10, 0], [10, 1], [10, 2], [10, 3], [10, 4], [10, 5], [10, 6], [10, 7], [10, 8], [10, 9], [10, 10], [10, 11], [10, 12], [10, 13], [10, 14], [11, 0], [11, 1], [11, 2], [11, 3], [11, 4], [11, 5], [11, 6], [11, 7], [11, 8], [11, 9], [11, 10], [11, 11], [11, 12], [11, 13], [11, 14], [12, 0], [12, 1], [12, 2], [12, 3], [12, 4], [12, 5], [12, 6], [12, 7], [12, 8], [12, 9], [12, 10], [12, 11], [12, 12], [12, 13], [12, 14], [13, 0], [13, 1], [13, 2], [13, 3], [13, 4], [13, 5], [13, 6], [13, 7], [13, 8], [13, 9], [13, 10], [13, 11], [13, 12], [13, 13], [13, 14], [14, 0], [14, 1], [14, 2], [14, 3], [14, 4], [14, 5], [14, 6], [14, 7], [14, 8], [14, 9], [14, 10], [14, 11], [14, 12], [14, 13], [14, 14]], "weights": [1.0, 0.4254589621618998, 0.15735536121228835, 0.2065001915318771, 0.5641481300092792, 0.5185979740603736, 0.4004257413362988, 0.026681753803600213, 0.2246753353645143, 0.5012188151342344, 0.6450351504487496, 0.3017999694450067, 0.2208714163742547, 0.2912739886506881, 0.2952794914339609, 0.4254589621618998, 1.0, 0.0675140218396667, 0.26196442955171145, 0.3780618503310153, 0.3043222324581647, 0.4956900308178869, 0.012639714409520015, 0.4735509089058796, 0.21467316340341888, 0.6440282349707656, 0.1405239538598446, 0.1199636200288765, 0.23693215350878802, 0.5156590373951959, 0.15735536121228835, 0.0675140218396667, 1.0, 0.0579827080638925, 0.12448269513956747, 0.18162297781101544, 0.08399138552459927, 0.12995215005735256, 0.039431541048513034, 0.31389512549638104, 0.10445438879975233, 0.27302427777218313, 0.2653961850671145, 0.0847813380801455, 0.04896276870438284, 0.2065001915318771, 0.26196442955171145, 0.0579827080638925, 1.0, 0.12786536890317082, 0.2994868903344551, 0.4941366350174439, 0.019348540837178446, 0.3640738290846749, 0.14409975673093153, 0.2717646105201546, 0.06598468397383415, 0.18161413084354613, 0.06925856381409894, 0.1372766743647438, 0.5641481300092792, 0.3780618503310153, 0.12448269513956747, 0.12786536890317082, 1.0, 0.29314345981548656, 0.2576743777146235, 0.018189409018944426, 0.1795702536406634, 0.3607504933875605, 0.4669973156493975, 0.3473373992113729, 0.13115145671266668, 0.5160608848960897, 0.37603553999987777, 0.5185979740603736, 0.3043222324581647, 0.18162297781101544, 0.2994868903344551, 0.29314345981548656, 1.0, 0.4592663208904019, 0.041122925201427636, 0.2103537986354655, 0.4787505437504287, 0.455035519424444, 0.20945964345722415, 0.39265129148793376, 0.15172156068444362, 0.17483032412130367, 0.4004257413362988, 0.4956900308178869, 0.08399138552459927, 0.4941366350174439, 0.2576743777146235, 0.4592663208904019, 1.0, 0.020100141092650608, 0.4531391500123935, 0.2432648218319923, 0.5497389299314239, 0.1222227446347154, 0.20121591126333133, 0.14014092342561324, 0.25568112281365163, 0.026681753803600213, 0.012639714409520015, 0.12995215005735256, 0.019348540837178446, 0.018189409018944426, 0.041122925201427636, 0.020100141092650608, 1.0, 0.009157337469302413, 0.05020361681417291, 0.019388134647280196, 0.035507555980362496, 0.0997370475374513, 0.01137724285375848, 0.007879230286997389, 0.2246753353645143, 0.4735509089058796, 0.039431541048513034, 0.3640738290846749, 0.1795702536406634, 0.2103537986354655, 0.4531391500123935, 0.009157337469302413, 1.0, 0.1203454333643666, 0.3469730076858108, 0.06932279551391728, 0.09181389935812673, 0.11436481583258078, 0.3017964976434583, 0.5012188151342344, 0.21467316340341888, 0.31389512549638104, 0.14409975673093153, 0.3607504933875605, 0.4787505437504287, 0.2432648218319923, 0.05020361681417291, 0.1203454333643666, 1.0, 0.3310438983866511, 0.4210377108297476, 0.3253442807130295, 0.2086685939533081, 0.1523029403313025, 0.6450351504487496, 0.6440282349707656, 0.10445438879975233, 0.2717646105201546, 0.4669973156493975, 0.455035519424444, 0.5497389299314239, 0.019388134647280196, 0.3469730076858108, 0.3310438983866511, 1.0, 0.19897041961916734, 0.17881620734727335, 0.25430316172164513, 0.3829448094596903, 0.3017999694450067, 0.1405239538598446, 0.27302427777218313, 0.06598468397383415, 0.3473373992113729, 0.20945964345722415, 0.1222227446347154, 0.035507555980362496, 0.06932279551391728, 0.4210377108297476, 0.19897041961916734, 1.0, 0.14679896266271464, 0.2950169451927428, 0.13161974270242932, 0.2208714163742547, 0.1199636200288765, 0.2653961850671145, 0.18161413084354613, 0.13115145671266668, 0.39265129148793376, 0.20121591126333133, 0.0997370475374513, 0.09181389935812673, 0.3253442807130295, 0.17881620734727335, 0.14679896266271464, 1.0, 0.07069876731820461, 0.06899970673603864, 0.2912739886506881, 0.23693215350878802, 0.0847813380801455, 0.06925856381409894, 0.5160608848960897, 0.15172156068444362, 0.14014092342561324, 0.01137724285375848, 0.11436481583258078, 0.2086685939533081, 0.25430316172164513, 0.2950169451927428, 0.07069876731820461, 1.0, 0.3298384112445977, 0.2952794914339609, 0.5156590373951959, 0.04896276870438284, 0.1372766743647438, 0.37603553999987777, 0.17483032412130367, 0.25568112281365163, 0.007879230286997389, 0.3017964976434583, 0.1523029403313025, 0.3829448094596903, 0.13161974270242932, 0.06899970673603864, 0.3298384112445977, 1.0],